{"cameraMode":{"drawMode":0,"name":"Shaded","section":"Shading Mode"},"sceneLighting":false,"audioPlay":false,"sceneViewState":{"showFog":true,"showMaterialUpdate":false,"showSkybox":false,"showFlares":true,"showImageEffects":true,"showParticleSystems":true},"in2DMode":false,"pivot":{"x":3.6029934883117677,"y":3.669625759124756,"z":12.612295150756836},"rotation":{"x":0.3802546560764313,"y":0.14311303198337556,"z":-0.05968678742647171,"w":0.9118189215660095},"size":4.515580177307129,"orthographic":false}