{"cameraMode":{"drawMode":0,"name":"Shaded","section":"Shading Mode"},"sceneLighting":true,"audioPlay":false,"sceneViewState":{"showFog":true,"showMaterialUpdate":false,"showSkybox":true,"showFlares":true,"showImageEffects":true,"showParticleSystems":true},"in2DMode":false,"pivot":{"x":383.03436279296877,"y":-453.60284423828127,"z":473.83441162109377},"rotation":{"x":0.3094530999660492,"y":0.28604748845100405,"z":-0.09807665646076203,"w":0.9015979766845703},"size":428.7358703613281,"orthographic":false}