{"cameraMode":{"drawMode":0,"name":"Shaded","section":"Shading Mode"},"sceneLighting":false,"audioPlay":false,"sceneViewState":{"showFog":true,"showMaterialUpdate":false,"showSkybox":false,"showFlares":true,"showImageEffects":true,"showParticleSystems":true},"in2DMode":false,"pivot":{"x":-0.08523547649383545,"y":0.8262468576431274,"z":-0.643277645111084},"rotation":{"x":-0.27596986293792727,"y":-0.007472040131688118,"z":0.0021542583126574756,"w":-0.9611625671386719},"size":1.166741132736206,"orthographic":false}