{"cameraMode":{"drawMode":0,"name":"Shaded","section":"Shading Mode"},"sceneLighting":true,"audioPlay":false,"sceneViewState":{"showFog":true,"showMaterialUpdate":false,"showSkybox":true,"showFlares":true,"showImageEffects":true,"showParticleSystems":true},"in2DMode":false,"pivot":{"x":75.32653045654297,"y":3.4775238037109377,"z":-17.64813995361328},"rotation":{"x":-0.2961617112159729,"y":-0.18389065563678742,"z":0.058197859674692157,"w":-0.9354805946350098},"size":50.02632522583008,"orthographic":false}