{"cameraMode":{"drawMode":0,"name":"Shaded","section":"Shading Mode"},"sceneLighting":true,"audioPlay":false,"sceneViewState":{"showFog":true,"showMaterialUpdate":false,"showSkybox":true,"showFlares":true,"showImageEffects":true,"showParticleSystems":true},"in2DMode":false,"pivot":{"x":15.848196029663086,"y":-29.922744750976564,"z":22.249523162841798},"rotation":{"x":0.41984912753105166,"y":0.2189876288175583,"z":-0.1051463931798935,"w":0.8745132684707642},"size":39.08963394165039,"orthographic":false}