{"cameraMode":{"drawMode":0,"name":"Shaded","section":"Shading Mode"},"sceneLighting":false,"audioPlay":false,"sceneViewState":{"showFog":true,"showMaterialUpdate":false,"showSkybox":false,"showFlares":true,"showImageEffects":true,"showParticleSystems":true},"in2DMode":false,"pivot":{"x":3.5299997329711916,"y":2.65582013130188,"z":-4.79823112487793},"rotation":{"x":0.19619663059711457,"y":0.5017315149307251,"z":-0.11800649017095566,"w":0.8341748118400574},"size":0.8660253286361694,"orthographic":false}