{"cameraMode":{"drawMode":0,"name":"Shaded","section":"Shading Mode"},"sceneLighting":true,"audioPlay":false,"sceneViewState":{"showFog":true,"showMaterialUpdate":false,"showSkybox":true,"showFlares":true,"showImageEffects":true,"showParticleSystems":true},"in2DMode":false,"pivot":{"x":98.7012939453125,"y":56.27674102783203,"z":-52.516075134277347},"rotation":{"x":0.565159261226654,"y":-0.0014481551479548216,"z":0.0010864385403692723,"w":0.8250300884246826},"size":0.6190835237503052,"orthographic":false}