{"cameraMode":{"drawMode":0,"name":"Shaded","section":"Shading Mode"},"sceneLighting":true,"audioPlay":false,"sceneViewState":{"showFog":true,"showMaterialUpdate":false,"showSkybox":false,"showFlares":true,"showImageEffects":true,"showParticleSystems":true},"in2DMode":false,"pivot":{"x":-29.675495147705079,"y":-7.102619171142578,"z":-10.017937660217286},"rotation":{"x":0.12832075357437135,"y":-0.5922356843948364,"z":0.09625080227851868,"w":0.7896509766578674},"size":24.090452194213868,"orthographic":false}