{"cameraMode":{"drawMode":0,"name":"Shaded","section":"Shading Mode"},"sceneLighting":true,"audioPlay":false,"sceneViewState":{"showFog":true,"showMaterialUpdate":false,"showSkybox":true,"showFlares":true,"showImageEffects":true,"showParticleSystems":true},"in2DMode":false,"pivot":{"x":-6.757534027099609,"y":-2.9347705841064455,"z":3.0982608795166017},"rotation":{"x":0.4363570213317871,"y":-0.2205939143896103,"z":0.11123504489660263,"w":0.8652264475822449},"size":18.95115852355957,"orthographic":false}