{"cameraMode":{"drawMode":0,"name":"Shaded","section":"Shading Mode"},"sceneLighting":false,"audioPlay":false,"sceneViewState":{"showFog":true,"showMaterialUpdate":false,"showSkybox":false,"showFlares":true,"showImageEffects":true,"showParticleSystems":true},"in2DMode":false,"pivot":{"x":1.5386388301849366,"y":1.2262595891952515,"z":0.40216052532196047},"rotation":{"x":-0.2682754099369049,"y":-0.1512172520160675,"z":0.04268603399395943,"w":-0.9504697918891907},"size":1.105417013168335,"orthographic":false}