{"cameraMode":{"drawMode":0,"name":"Shaded","section":"Shading Mode"},"sceneLighting":true,"audioPlay":false,"sceneViewState":{"showFog":true,"showMaterialUpdate":false,"showSkybox":false,"showFlares":true,"showImageEffects":true,"showParticleSystems":true},"in2DMode":false,"pivot":{"x":-0.25965243577957156,"y":2.5820000171661379,"z":-3.2030415534973146},"rotation":{"x":0.2339009791612625,"y":0.13655544817447663,"z":-0.03320038318634033,"w":0.9620506763458252},"size":3.4898741245269777,"orthographic":false}