{"cameraMode":{"drawMode":0,"name":"Shaded","section":"Shading Mode"},"sceneLighting":true,"audioPlay":false,"sceneViewState":{"showFog":true,"showMaterialUpdate":false,"showSkybox":true,"showFlares":true,"showImageEffects":true,"showParticleSystems":true},"in2DMode":false,"pivot":{"x":-15.261372566223145,"y":-0.7918462753295898,"z":-11.673439025878907},"rotation":{"x":0.1908503621816635,"y":-0.5267906188964844,"z":0.12272977828979492,"w":0.8191583752632141},"size":10.053003311157227,"orthographic":false}