{"cameraMode":{"drawMode":0,"name":"Shaded","section":"Shading Mode"},"sceneLighting":true,"audioPlay":false,"sceneViewState":{"showFog":true,"showMaterialUpdate":false,"showSkybox":true,"showFlares":true,"showImageEffects":true,"showParticleSystems":true},"in2DMode":false,"pivot":{"x":18.092376708984376,"y":-85.66633605957031,"z":66.13925170898438},"rotation":{"x":-0.4119711220264435,"y":-0.12994328141212464,"z":0.05948646366596222,"w":-0.8999214172363281},"size":80.79502868652344,"orthographic":false}