{"cameraMode":{"drawMode":0,"name":"Shaded","section":"Shading Mode"},"sceneLighting":true,"audioPlay":false,"sceneViewState":{"showFog":true,"showMaterialUpdate":false,"showSkybox":true,"showFlares":true,"showImageEffects":true,"showParticleSystems":true},"in2DMode":false,"pivot":{"x":-17.200000762939454,"y":2.141849994659424,"z":-44.5},"rotation":{"x":0.44719982147216799,"y":0.04960019886493683,"z":-0.024836070835590364,"w":0.8927232027053833},"size":2.378445625305176,"orthographic":false}