{"cameraMode":{"drawMode":0,"name":"Shaded","section":"Shading Mode"},"sceneLighting":true,"audioPlay":false,"sceneViewState":{"showFog":true,"showMaterialUpdate":false,"showSkybox":true,"showFlares":true,"showImageEffects":true,"showParticleSystems":true},"in2DMode":false,"pivot":{"x":15.356216430664063,"y":14.45301628112793,"z":-8.079265594482422},"rotation":{"x":0.3586901128292084,"y":0.012601840309798718,"z":-0.004840923473238945,"w":0.9333629012107849},"size":22.957090377807618,"orthographic":false}