{"cameraMode":{"drawMode":0,"name":"Shaded","section":"Shading Mode"},"sceneLighting":false,"audioPlay":false,"sceneViewState":{"showFog":true,"showMaterialUpdate":false,"showSkybox":false,"showFlares":true,"showImageEffects":true,"showParticleSystems":true},"in2DMode":false,"pivot":{"x":-0.8517947196960449,"y":2.2773494720458986,"z":3.0022382736206056},"rotation":{"x":0.11677534878253937,"y":-0.8707590699195862,"z":0.40717190504074099,"w":0.24972720444202424},"size":4.66410493850708,"orthographic":false}