{"cameraMode":{"drawMode":0,"name":"Shaded","section":"Shading Mode"},"sceneLighting":false,"audioPlay":false,"sceneViewState":{"showFog":true,"showMaterialUpdate":false,"showSkybox":false,"showFlares":true,"showImageEffects":true,"showParticleSystems":true},"in2DMode":false,"pivot":{"x":-1.5438028573989869,"y":0.0666738748550415,"z":1.9116873741149903},"rotation":{"x":0.21727734804153443,"y":-0.36286038160324099,"z":0.08741389214992523,"w":0.9019325971603394},"size":7.21909236907959,"orthographic":false}