{"cameraMode":{"drawMode":0,"name":"Shaded","section":"Shading Mode"},"sceneLighting":false,"audioPlay":false,"sceneViewState":{"showFog":true,"showMaterialUpdate":false,"showSkybox":false,"showFlares":true,"showImageEffects":true,"showParticleSystems":true},"in2DMode":false,"pivot":{"x":-30.087961196899415,"y":-2.1152915954589845,"z":8.644430160522461},"rotation":{"x":0.13707424700260163,"y":-0.7078917622566223,"z":0.1431288719177246,"w":0.6779511570930481},"size":32.455875396728519,"orthographic":false}