{"cameraMode":{"drawMode":0,"name":"Shaded","section":"Shading Mode"},"sceneLighting":false,"audioPlay":false,"sceneViewState":{"showFog":true,"showMaterialUpdate":false,"showSkybox":false,"showFlares":true,"showImageEffects":true,"showParticleSystems":true},"in2DMode":false,"pivot":{"x":61.327335357666019,"y":0.6693997383117676,"z":43.469425201416019},"rotation":{"x":0.04221441224217415,"y":-0.9469349384307861,"z":0.13933110237121583,"w":0.28668147325515749},"size":2.7222354412078859,"orthographic":false}