{"cameraMode":{"drawMode":0,"name":"Shaded","section":"Shading Mode"},"sceneLighting":false,"audioPlay":false,"sceneViewState":{"showFog":true,"showMaterialUpdate":false,"showSkybox":false,"showFlares":true,"showImageEffects":true,"showParticleSystems":true},"in2DMode":false,"pivot":{"x":2.376023530960083,"y":1.2430739402770997,"z":-0.3687288761138916},"rotation":{"x":-0.0395561084151268,"y":0.04168028011918068,"z":-0.0016495954478159547,"w":-0.9983735680580139},"size":0.805417001247406,"orthographic":false}