{"cameraMode":{"drawMode":0,"name":"Shaded","section":"Shading Mode"},"sceneLighting":false,"audioPlay":false,"sceneViewState":{"showFog":true,"showMaterialUpdate":false,"showSkybox":false,"showFlares":true,"showImageEffects":true,"showParticleSystems":true},"in2DMode":false,"pivot":{"x":0.04564650356769562,"y":-0.0148848295211792,"z":-3.5694804191589357},"rotation":{"x":-0.0008345127571374178,"y":-0.9973884224891663,"z":0.07133286446332932,"w":-0.011673297733068467},"size":4.061559677124023,"orthographic":false}