{"cameraMode":{"drawMode":0,"name":"Shaded","section":"Shading Mode"},"sceneLighting":false,"audioPlay":false,"sceneViewState":{"showFog":true,"showMaterialUpdate":false,"showSkybox":false,"showFlares":true,"showImageEffects":true,"showParticleSystems":true},"in2DMode":false,"pivot":{"x":1.6133596897125245,"y":0.5486620664596558,"z":-2.601572036743164},"rotation":{"x":0.056687843054533008,"y":0.9310462474822998,"z":-0.16451694071292878,"w":0.3207753002643585},"size":3.862074851989746,"orthographic":false}