{"cameraMode":{"drawMode":0,"name":"Shaded","section":"Shading Mode"},"sceneLighting":false,"audioPlay":false,"sceneViewState":{"showFog":true,"showMaterialUpdate":false,"showSkybox":false,"showFlares":true,"showImageEffects":true,"showParticleSystems":true},"in2DMode":false,"pivot":{"x":-4.187213897705078,"y":1.4309570789337159,"z":5.831254482269287},"rotation":{"x":-0.08313431590795517,"y":0.41989409923553469,"z":-0.03865450620651245,"w":-0.9029422402381897},"size":6.02410364151001,"orthographic":false}