{"cameraMode":{"drawMode":0,"name":"Shaded","section":"Shading Mode"},"sceneLighting":true,"audioPlay":false,"sceneViewState":{"showFog":true,"showMaterialUpdate":false,"showSkybox":true,"showFlares":true,"showImageEffects":true,"showParticleSystems":true},"in2DMode":false,"pivot":{"x":-12.89243221282959,"y":4.063717842102051,"z":-45.42997360229492},"rotation":{"x":-0.33488956093788149,"y":-0.16087360680103303,"z":0.05814242735505104,"w":-0.9266016483306885},"size":3.6047093868255617,"orthographic":false}