{"cameraMode":{"drawMode":0,"name":"Shaded","section":"Shading Mode"},"sceneLighting":false,"audioPlay":false,"sceneViewState":{"showFog":true,"showMaterialUpdate":false,"showSkybox":false,"showFlares":true,"showImageEffects":true,"showParticleSystems":true},"in2DMode":false,"pivot":{"x":6.011275291442871,"y":8.546623229980469,"z":-0.9597638249397278},"rotation":{"x":0.06381905823945999,"y":0.7191369533538818,"z":-0.06663568317890167,"w":0.6887195110321045},"size":8.215934753417969,"orthographic":false}