{"cameraMode":{"drawMode":0,"name":"Shaded","section":"Shading Mode"},"sceneLighting":false,"audioPlay":false,"sceneViewState":{"showFog":true,"showMaterialUpdate":false,"showSkybox":false,"showFlares":true,"showImageEffects":true,"showParticleSystems":true},"in2DMode":false,"pivot":{"x":-7.755274772644043,"y":2.8634331226348879,"z":-13.23604679107666},"rotation":{"x":0.10232249647378922,"y":-0.24938952922821046,"z":0.026509573683142663,"w":0.9626213312149048},"size":0.9155804514884949,"orthographic":false}