{"cameraMode":{"drawMode":0,"name":"Shaded","section":"Shading Mode"},"sceneLighting":true,"audioPlay":false,"sceneViewState":{"showFog":true,"showMaterialUpdate":false,"showSkybox":true,"showFlares":true,"showImageEffects":true,"showParticleSystems":true},"in2DMode":false,"pivot":{"x":22.31435775756836,"y":88.72171020507813,"z":54.979339599609378},"rotation":{"x":-0.2972487807273865,"y":-0.0008623237372376025,"z":0.00026835294556804,"w":-0.9548012018203735},"size":155.76708984375,"orthographic":false}