{"cameraMode":{"drawMode":0,"name":"Shaded","section":"Shading Mode"},"sceneLighting":false,"audioPlay":false,"sceneViewState":{"showFog":true,"showMaterialUpdate":false,"showSkybox":false,"showFlares":true,"showImageEffects":true,"showParticleSystems":true},"in2DMode":false,"pivot":{"x":0.21739602088928224,"y":2.56085205078125,"z":0.3915982246398926},"rotation":{"x":0.14017550647258759,"y":-0.8470749258995056,"z":0.2740502655506134,"w":0.43326935172080996},"size":18.5814266204834,"orthographic":false}