{"cameraMode":{"drawMode":0,"name":"Shaded","section":"Shading Mode"},"sceneLighting":true,"audioPlay":false,"sceneViewState":{"showFog":true,"showMaterialUpdate":false,"showSkybox":true,"showFlares":true,"showImageEffects":true,"showParticleSystems":true},"in2DMode":false,"pivot":{"x":275.8775634765625,"y":-1.6564826965332032,"z":-29.543750762939454},"rotation":{"x":0.08270417153835297,"y":0.8701193332672119,"z":-0.1564464271068573,"w":0.45997852087020876},"size":15.787426948547364,"orthographic":false}