{"cameraMode":{"drawMode":0,"name":"Shaded","section":"Shading Mode"},"sceneLighting":true,"audioPlay":false,"sceneViewState":{"showFog":true,"showMaterialUpdate":false,"showSkybox":false,"showFlares":true,"showImageEffects":true,"showParticleSystems":true},"in2DMode":false,"pivot":{"x":4.677514553070068,"y":0.27045249938964846,"z":-2.2208261489868166},"rotation":{"x":-0.278859943151474,"y":-0.292953222990036,"z":0.08975773304700852,"w":-0.9101437330245972},"size":10.60660171508789,"orthographic":false}