{"cameraMode":{"drawMode":0,"name":"Shaded","section":"Shading Mode"},"sceneLighting":true,"audioPlay":false,"sceneViewState":{"showFog":true,"showMaterialUpdate":false,"showSkybox":false,"showFlares":true,"showImageEffects":true,"showParticleSystems":true},"in2DMode":false,"pivot":{"x":2.919215202331543,"y":-17.823326110839845,"z":18.551279067993165},"rotation":{"x":-0.3518355190753937,"y":-0.17486608028411866,"z":0.06708293408155441,"w":-0.9171375036239624},"size":20.57378387451172,"orthographic":false}